{
  "model": "gpt2",
  "throughput": 9.451916199647341,
  "latency_p50": 3652.8735160827637,
  "memory_mb": 854.15234375
}