{
  "model": "gpt2",
  "throughput": 50.560079704105135,
  "latency_p50": 658.8869094848633,
  "memory_mb": 855.55859375
}