{
  "model": "gpt2",
  "throughput": 49.06342470694873,
  "latency_p50": 631.697416305542,
  "memory_mb": 856.21875
}